{"stats":{"minecraft:mined":{"minecraft:ice":1,"minecraft:blue_ice":1},"minecraft:killed":{"minecraft:wolf":3,"minecraft:pillager":1,"minecraft:villager":3},"minecraft:dropped":{"minecraft:warped_fungus":96,"minecraft:glow_ink_sac":1,"minecraft:loom":1,"minecraft:crafting_table":1,"minecraft:dark_prismarine_slab":1,"minecraft:glow_item_frame":1,"minecraft:warped_trapdoor":1,"minecraft:iron_block":2,"minecraft:dirt":385,"minecraft:ice":1,"minecraft:green_dye":1,"minecraft:white_banner":15,"minecraft:bone_meal":64,"minecraft:blue_carpet":1,"minecraft:cyan_carpet":1,"minecraft:armor_stand":1,"minecraft:lever":1,"minecraft:coarse_dirt":64,"minecraft:dark_oak_sign":1,"minecraft:jukebox":1,"minecraft:soul_lantern":4,"minecraft:grindstone":1,"minecraft:smoker":1,"minecraft:blaze_powder":317,"minecraft:leather_chestplate":1,"minecraft:ladder":1,"minecraft:chest":1,"minecraft:end_portal_frame":2,"minecraft:bell":1,"minecraft:firework_rocket":64},"minecraft:custom":{"minecraft:interact_with_smithing_table":1,"minecraft:mob_kills":7,"minecraft:interact_with_anvil":26,"minecraft:inspect_hopper":9,"minecraft:interact_with_crafting_table":15,"minecraft:open_barrel":102,"minecraft:open_shulker_box":53,"minecraft:leave_game":26,"minecraft:time_since_death":314743,"minecraft:climb_one_cm":64084,"minecraft:sprint_one_cm":677079,"minecraft:walk_one_cm":2870721,"minecraft:drop":265,"minecraft:play_time":1736270,"minecraft:sneak_time":39860,"minecraft:deaths":11,"minecraft:walk_under_water_one_cm":281458,"minecraft:interact_with_lectern":6,"minecraft:jump":3159,"minecraft:interact_with_brewingstand":18,"minecraft:interact_with_blast_furnace":20,"minecraft:walk_on_water_one_cm":48690,"minecraft:total_world_time":2079638,"minecraft:interact_with_furnace":1,"minecraft:play_record":2,"minecraft:tune_noteblock":5,"minecraft:interact_with_cartography_table":2,"minecraft:interact_with_loom":9,"minecraft:pot_flower":98,"minecraft:sleep_in_bed":6,"minecraft:time_since_rest":183543,"minecraft:damage_taken":760,"minecraft:open_enderchest":87,"minecraft:minecart_one_cm":23130,"minecraft:damage_dealt":820,"minecraft:interact_with_beacon":3,"minecraft:fly_one_cm":7643969,"minecraft:open_chest":42,"minecraft:crouch_one_cm":33349,"minecraft:interact_with_smoker":1,"minecraft:fall_one_cm":211,"minecraft:inspect_dispenser":6},"minecraft:picked_up":{"minecraft:crafting_table":1,"minecraft:ladder":1,"minecraft:flower_pot":5,"minecraft:anvil":1,"minecraft:leather_leggings":8,"minecraft:potion":2,"minecraft:item_frame":10,"minecraft:armor_stand":1,"minecraft:cyan_carpet":1,"minecraft:chest":1,"minecraft:jukebox":1,"minecraft:glow_item_frame":1,"minecraft:stone_button":3,"minecraft:redstone":4,"minecraft:blue_carpet":1,"minecraft:stone_pressure_plate":1,"minecraft:cactus":2,"minecraft:weeping_vines":2,"minecraft:iron_block":1,"minecraft:glow_berries":1,"minecraft:blaze_powder":317,"minecraft:leather_chestplate":9,"minecraft:repeater":1,"minecraft:iron_door":1,"minecraft:glow_ink_sac":1,"minecraft:smoker":1,"minecraft:end_portal_frame":2,"minecraft:ice":1,"minecraft:warped_trapdoor":1,"minecraft:dirt":321,"minecraft:white_banner":15,"minecraft:leather_boots":8,"minecraft:red_carpet":18,"minecraft:hanging_roots":1,"minecraft:wheat_seeds":1,"minecraft:bell":1,"minecraft:grindstone":1,"minecraft:dark_oak_sign":2,"minecraft:green_dye":1,"minecraft:warped_fungus":32,"minecraft:loom":1,"minecraft:lily_of_the_valley":3,"minecraft:leather_helmet":8,"minecraft:lever":23,"minecraft:soul_lantern":6,"minecraft:crossbow":1,"minecraft:painting":6,"minecraft:bone_meal":64,"minecraft:bread":1,"minecraft:melon_seeds":4,"minecraft:chorus_fruit":6},"minecraft:used":{"minecraft:oak_trapdoor":59,"minecraft:netherite_sword":12,"minecraft:nether_brick_fence":272,"minecraft:iron_bars":150,"minecraft:writable_book":34,"minecraft:jungle_leaves":2,"minecraft:enchanting_table":1,"minecraft:flint_and_steel":6,"minecraft:armor_stand":68,"minecraft:dispenser":10,"minecraft:redstone":123,"minecraft:elytra":1,"minecraft:ladder":90,"minecraft:chest":24,"minecraft:tinted_glass":244,"minecraft:ender_chest":43,"minecraft:red_nether_brick_stairs":170,"minecraft:quartz_stairs":6,"minecraft:bell":1,"minecraft:orange_bed":13,"minecraft:anvil":29,"minecraft:brewing_stand":8,"minecraft:dirt":108,"minecraft:soul_sand":37,"minecraft:target":4,"minecraft:red_nether_brick_slab":10,"minecraft:hopper":47,"minecraft:chorus_flower":5,"minecraft:blue_stained_glass":450,"minecraft:spruce_stairs":13,"minecraft:crimson_hyphae":11,"minecraft:acacia_sapling":1,"minecraft:blue_concrete":411,"minecraft:light_blue_stained_glass":213,"minecraft:nether_brick_stairs":24,"minecraft:obsidian":25,"minecraft:shroomlight":57,"minecraft:glass":442,"minecraft:dark_oak_planks":141,"minecraft:honey_block":52,"minecraft:sea_lantern":500,"minecraft:light_gray_stained_glass":6,"minecraft:bookshelf":27,"minecraft:villager_spawn_egg":3,"minecraft:music_disc_pigstep":2,"minecraft:lantern":32,"minecraft:iron_block":16214,"minecraft:light_weighted_pressure_plate":26,"minecraft:rooted_dirt":3,"minecraft:brick_stairs":5,"minecraft:slime_block":62,"minecraft:warped_fence":16,"minecraft:acacia_slab":10,"minecraft:netherite_hoe":33,"minecraft:dark_oak_slab":57,"minecraft:polished_blackstone_brick_stairs":22,"minecraft:smooth_quartz":1,"minecraft:raw_gold_block":2,"minecraft:hopper_minecart":1,"minecraft:dark_oak_button":10,"minecraft:diorite_wall":18,"minecraft:stone_brick_stairs":101,"minecraft:crimson_planks":1,"minecraft:barrel":97,"minecraft:melon_seeds":15,"minecraft:item_frame":98,"minecraft:repeater":9,"minecraft:magma_block":23,"minecraft:birch_trapdoor":1,"minecraft:birch_button":9,"minecraft:tripwire_hook":81,"minecraft:glowstone":4,"minecraft:red_carpet":524,"minecraft:redstone_lamp":86,"minecraft:warped_stairs":3,"minecraft:bow":49,"minecraft:black_stained_glass":1821,"minecraft:scaffolding":39,"minecraft:written_book":17,"minecraft:iron_trapdoor":376,"minecraft:soul_soil":1,"minecraft:wolf_spawn_egg":3,"minecraft:furnace":3,"minecraft:white_stained_glass_pane":2,"minecraft:minecart":6,"minecraft:skeleton_skull":21,"minecraft:stone_pressure_plate":10,"minecraft:acacia_planks":2,"minecraft:observer":33,"minecraft:turtle_egg":6,"minecraft:dark_prismarine_stairs":11,"minecraft:brown_bed":1,"minecraft:dark_oak_sapling":8,"minecraft:crimson_stem":17,"minecraft:wheat_seeds":3,"minecraft:water_bucket":297,"minecraft:end_stone_bricks":1,"minecraft:end_rod":160,"minecraft:light_blue_shulker_box":13,"minecraft:leather_leggings":1,"minecraft:amethyst_block":52,"minecraft:light_blue_glazed_terracotta":144,"minecraft:gray_carpet":11,"minecraft:powered_rail":10,"minecraft:polished_andesite":1,"minecraft:acacia_trapdoor":2,"minecraft:dark_oak_sign":69,"minecraft:cartography_table":21,"minecraft:red_nether_bricks":257,"minecraft:blue_wool":40,"minecraft:leather_chestplate":1,"minecraft:red_mushroom_block":1,"minecraft:redstone_block":399,"minecraft:green_bed":13,"minecraft:cauldron":19,"minecraft:beacon":11,"minecraft:blue_bed":13,"minecraft:stonecutter":2,"minecraft:glow_ink_sac":62,"minecraft:leather_boots":3,"minecraft:glow_berries":31,"minecraft:purpur_stairs":3,"minecraft:tnt":2,"minecraft:respawn_anchor":8,"minecraft:smooth_quartz_stairs":83,"minecraft:polished_blackstone_pressure_plate":1,"minecraft:white_wool":12,"minecraft:glow_item_frame":7,"minecraft:dark_oak_trapdoor":262,"minecraft:diamond_block":5,"minecraft:lime_bed":3,"minecraft:crimson_trapdoor":9,"minecraft:dark_prismarine_slab":62,"minecraft:rail":31,"minecraft:comparator":6,"minecraft:light_blue_concrete":14,"minecraft:crafting_table":15,"minecraft:loom":16,"minecraft:red_bed":8,"minecraft:magenta_bed":9,"minecraft:blast_furnace":9,"minecraft:birch_sign":61,"minecraft:black_banner":21,"minecraft:deepslate_redstone_ore":81,"minecraft:crossbow":5,"minecraft:blue_ice":9,"minecraft:dark_oak_fence_gate":5,"minecraft:note_block":2,"minecraft:gray_concrete":3,"minecraft:painting":493,"minecraft:black_bed":14,"minecraft:end_stone":6,"minecraft:smoker":7,"minecraft:dark_oak_door":1,"minecraft:ender_eye":4,"minecraft:light_blue_candle":16,"minecraft:redstone_torch":3,"minecraft:purple_stained_glass":77,"minecraft:amethyst_cluster":4,"minecraft:sticky_piston":14,"minecraft:piston":9,"minecraft:netherite_block":2238,"minecraft:lever":357,"minecraft:blue_glazed_terracotta":1,"minecraft:flower_pot":118,"minecraft:acacia_stairs":14,"minecraft:black_wool":20,"minecraft:black_concrete":117,"minecraft:warped_trapdoor":30,"minecraft:daylight_detector":127,"minecraft:birch_fence_gate":1,"minecraft:acacia_door":26,"minecraft:gray_shulker_box":8,"minecraft:gray_stained_glass_pane":15,"minecraft:command_block":12,"minecraft:heavy_weighted_pressure_plate":15,"minecraft:cyan_bed":1,"minecraft:stone_button":20,"minecraft:string":2,"minecraft:lectern":43,"minecraft:white_glazed_terracotta":2,"minecraft:leather_helmet":2,"minecraft:spruce_trapdoor":3,"minecraft:iron_door":42,"minecraft:soul_lantern":167,"minecraft:blue_carpet":3,"minecraft:potion":3,"minecraft:white_banner":54,"minecraft:crimson_stairs":27,"minecraft:turtle_helmet":1,"minecraft:grindstone":8,"minecraft:smithing_table":8,"minecraft:dark_oak_fence":143,"minecraft:jungle_door":4,"minecraft:white_stained_glass":496,"minecraft:smooth_stone_slab":33,"minecraft:glass_pane":73,"minecraft:yellow_bed":6,"minecraft:ice":4,"minecraft:sea_pickle":6,"minecraft:end_portal_frame":60,"minecraft:white_concrete":125,"minecraft:coarse_dirt":2,"minecraft:chorus_plant":5,"minecraft:bone_meal":47,"minecraft:jukebox":24,"minecraft:cobweb":1,"minecraft:gray_stained_glass":105},"minecraft:crafted":{"minecraft:leather_leggings":7,"minecraft:leather_boots":7,"minecraft:leather_helmet":3,"minecraft:shield":1,"minecraft:leather_chestplate":6}},"DataVersion":2865}