{"stats":{"minecraft:mined":{"minecraft:tripwire_hook":1},"minecraft:used":{"minecraft:tripwire_hook":1,"minecraft:firework_rocket":5,"minecraft:elytra":2},"minecraft:picked_up":{"minecraft:firework_rocket":64,"minecraft:tripwire_hook":1,"minecraft:elytra":2},"minecraft:custom":{"minecraft:open_barrel":2,"minecraft:time_since_rest":8383,"minecraft:open_chest":2,"minecraft:crouch_one_cm":933,"minecraft:play_time":8383,"minecraft:open_enderchest":4,"minecraft:walk_one_cm":43530,"minecraft:sneak_time":162,"minecraft:interact_with_lectern":2,"minecraft:aviate_one_cm":88656,"minecraft:jump":97,"minecraft:leave_game":1,"minecraft:time_since_death":8383,"minecraft:walk_on_water_one_cm":56,"minecraft:total_world_time":8383,"minecraft:climb_one_cm":786,"minecraft:fall_one_cm":3289,"minecraft:fly_one_cm":107,"minecraft:inspect_dispenser":1}},"DataVersion":2730}